geometry_id,measurement_id,channel0,channel1,timestamp,value
1152922329240578050,0,194,1334,0,0.119857997
1152922329240579586,1,438,995,0,0.11327184
1152922329240579586,2,500,538,0,0.119249411
1152922329240579842,3,76,1117,0,0.128589869
1152922466679531522,4,213,860,0,0.113953464
1152922466679533058,5,423,562,0,0.0492114909
1152922466679533058,5,423,561,0,0.083280921
1152922466679533058,6,425,545,0,0.0802354515
1152922466679533058,6,425,546,0,0.0699271336
1152922466679533314,7,113,647,0,0.0318588689
1152922466679533314,7,113,646,0,0.0768206418
1152922466679533826,8,593,638,0,0.119052298
1152922466679533826,8,593,637,0,0.0194964558
1152922604118484994,9,228,465,0,0.105581678
1152922604118486530,10,410,200,0,0.121837907
1152922604118486786,11,144,255,0,0.0859676898
1152922604118486786,11,144,254,0,0.0382929929
1152922604118487298,12,555,247,0,0.0138477534
1152922604118487298,12,555,246,0,0.129280016
1224979236083731712,13,44,1008,0,0.0537314005
1224979236083731712,13,43,1009,0,0.044513531
1224979236083731712,13,43,1010,0,0.0565117784
1224979236083731712,13,43,1011,0,0.0337231904
1224979236083731712,13,43,1012,0,0.0643382892
1224979236083737856,14,206,670,0,0.0369609296
1224979236083737856,14,206,669,0,0.0712551475
1224979236083737856,14,206,668,0,0.0587978028
1224979236083737856,14,206,667,0,0.0576346628
1224979236083737856,14,206,666,0,0.0241272766
1224979236083738112,15,218,1373,0,0.101550698
1224979236083738112,16,100,1171,0,0.0437607951
1224979236083738112,16,100,1170,0,0.0485396944
1224979236083738112,16,100,1169,0,0.0254297573
1224979236083738112,16,99,1169,0,0.0107250577
1224979236083738112,16,99,1168,0,0.0808171332
1224979236083738112,17,141,150,0,0.0331782214
1224979236083738112,17,141,149,0,0.0296890885
1224979236083738112,17,141,148,0,0.0530062877
1224979236083738112,17,141,147,0,0.0615427569
1224979236083738112,17,141,146,0,0.028965462
1224979236083738112,17,141,145,0,0.0493891798
1224979236083738112,17,141,144,0,0.0447465666
1224979236083738112,17,141,143,0,0.0458087735
1224979236083738112,17,141,142,0,0.0460536592
1224979236083738112,17,141,141,0,0.0470972098
1224979236083738112,17,141,140,0,0.0307271872
1224979236083738112,17,141,139,0,0.0528732203
1224979236083738112,17,141,138,0,0.080146715
1224979236083738368,18,165,1051,0,0.0261955187
1224979236083738368,18,165,1050,0,0.0573328733
1224979236083738368,18,165,1049,0,0.0698332265
1224979236083738368,18,165,1048,0,0.0461902134
1224979236083742208,19,205,249,0,0.0486778654
1224979236083742208,19,205,248,0,0.0987959951
1224979236083742208,20,234,1198,0,0.0628164262
1224979236083742208,20,234,1199,0,0.0500382856
1224979236083742208,20,234,1200,0,0.0641706511
1224979236083742208,20,234,1201,0,0.0585996136
1224979236083742208,20,234,1202,0,0.0715239048
1224979236083742208,20,234,1203,0,0.0466111153
1224979236083742208,20,234,1204,0,0.0822607502
1224979236083742208,21,95,851,0,0.0957280099
1224979236083742208,21,94,851,0,0.0377742946
1224979236083745024,22,262,1103,0,0.0112690385
1224979236083745024,22,262,1102,0,0.0580385588
1224979236083745024,22,262,1101,0,0.038249027
1224979236083745024,22,262,1100,0,0.078893654
1224979236083745024,22,262,1099,0,0.0414246283
1224979236083745024,22,262,1098,0,0.05100438
1224979236083745024,22,262,1097,0,0.0517512411
1224979236083745024,22,262,1096,0,0.0486085676
1224979236083745024,22,262,1095,0,0.0652810261
1224979236083745024,22,262,1094,0,0.0524395481
1224979236083745024,22,262,1093,0,0.0646188706
1224979236083745024,22,262,1092,0,0.0606045946
1224979236083745024,22,262,1091,0,0.0230657049
1224979236083745024,22,262,1090,0,0.036028143
1224979236083748608,23,194,628,0,0.0440202989
1224979236083748608,23,194,627,0,0.0639647022
1224979236083748608,23,194,626,0,0.0572280362
1224979236083748608,23,194,625,0,0.0850583836
1224979236083748608,23,194,624,0,0.0590503961
1224979236083748608,23,194,623,0,0.0507865511
1224979236083748608,23,194,622,0,0.0488427803
1224979236083748608,23,194,621,0,0.0704614371
1224979236083748608,23,194,620,0,0.0637100115
1224979236083748608,23,194,619,0,0.0508858189
1224979236083748608,23,194,618,0,0.0731559321
1224979236083748608,23,194,617,0,0.0242074933
1224979236083748608,23,194,616,0,0.037029162
1224979236083748608,24,0,850,0,0.0311134793
1224979236083748608,24,0,849,0,0.0843258724
1224979236083748608,24,0,848,0,0.0382997915
1224979236083748608,24,0,847,0,0.0508745164
1224979236083748608,24,0,846,0,0.0324255303
1224979236083748608,24,0,845,0,0.0353267752
1224979236083748608,24,0,844,0,0.0397139676
1224979236083748608,24,0,843,0,0.0657851398
1224979236083748608,24,0,842,0,0.0208736062
1224979236083749376,25,319,333,0,0.0617908984
1224979236083749376,25,319,332,0,0.0356926955
1224979236083752448,26,194,1077,0,0.0267244745
1224979236083752448,26,194,1076,0,0.091275759
1224979236083752704,27,300,1181,0,0.0875827223
1224979236083752704,28,221,1439,0,0.0708730742
1224979236083752704,28,221,1438,0,0.0739523396
1224979236083752704,28,221,1437,0,0.0598560199
1224979236083752960,29,63,319,0,0.0943950713
1224979236083752960,29,62,318,0,0.0588091314
1224979236083753216,30,310,18,0,0.0618647486
1224979236083753216,30,310,19,0,0.0383627862
1224979236083756288,31,43,1190,0,0.0329394899
1224979236083756288,31,42,1190,0,0.0161178373
1224979236083756288,31,42,1191,0,0.0946208909
1224979236083756288,32,191,704,0,0.160926625
1224979236083756544,33,127,1011,0,0.0251249056
1224979236083756544,33,127,1010,0,0.136579514
1224979236083756544,34,127,1010,0,0.0572858751
1224979236083756544,34,128,1009,0,0.0965830758
1224979236083756544,34,128,1008,0,0.0600204654
1224979236083756544,34,128,1007,0,0.051481463
1224979236083756544,35,212,810,0,0.0594174899
1224979236083756544,35,212,811,0,0.0218269415
1224979236083756544,35,213,811,0,0.0739445686
1224979236083756544,35,213,812,0,0.0378667191
1224979236083756544,35,214,812,0,0.0149819804
1224979236083756544,36,131,732,0,0.0669293627
1224979236083756544,36,131,731,0,0.0584861636
1224979236083756544,36,130,730,0,0.0293630194
1224979236083756544,37,214,602,0,0.0529911742
1224979236083756544,37,213,603,0,0.0391578302
1224979236083756544,38,133,586,0,0.069201462
1224979236083756544,38,134,586,0,0.0552514084
1224979236083756544,39,203,577,0,0.0805153102
1224979236083756544,39,203,576,0,0.0220630039
1224979236083756544,39,202,576,0,0.0377486348
1224979236083756544,40,154,621,0,0.0914211124
1224979236083756544,40,155,621,0,0.0432446823
1224979236083756800,41,301,953,0,0.0120446486
1224979236083756800,41,301,954,0,0.0686319247
1224979236083756800,41,301,955,0,0.0442255214
1224979236083756800,41,301,956,0,0.0666618943
1224979236083756800,41,301,957,0,0.0203158502
1224979236083756800,41,301,958,0,0.0118832933
1224979236083756800,42,54,27,0,0.0134447059
1224979236083756800,42,53,27,0,0.0648209527
1224979236083756800,42,53,28,0,0.0351269282
1224979236083759616,43,275,391,0,0.102685302
1224979236083759616,43,275,392,0,0.044875484
1224979236083759616,44,230,1413,0,0.130319446
1224979236083759872,45,244,772,0,0.0310599096
1224979236083759872,45,244,771,0,0.0574755296
1224979236083759872,45,244,770,0,0.035045702
1224979236083759872,45,244,769,0,0.0699306577
1224979236083759872,45,244,768,0,0.0573028848
1224979236083759872,45,244,767,0,0.0285011083
1224979236083760128,46,297,1201,0,0.0281252936
1224979236083760128,46,297,1202,0,0.0424622409
1224979236083760128,46,297,1203,0,0.0661535412
1224979236083760128,46,297,1204,0,0.0442220494
1224979236083763200,47,15,408,0,0.0299485214
1224979236083763200,47,15,409,0,0.0156596974
1224979236083763200,47,14,409,0,0.0849348307
1224979236083763712,48,329,245,0,0.0328568034
1224979236083763712,48,329,244,0,0.0854738429
1224979236083763712,48,329,243,0,0.0516212136
1224979236083763712,49,218,738,0,0.0176571831
1224979236083763712,49,218,739,0,0.0874431804
1224979236083763712,49,218,740,0,0.0611948818
1224979236083763712,50,39,1235,0,0.0380540416
1224979236083763712,50,39,1236,0,0.0646055564
1224979236083763712,50,39,1237,0,0.0812649429
1224979236083763712,50,38,1238,0,0.0366889015
1224979236083766784,51,140,83,0,0.0329707935
1224979236083766784,51,139,83,0,0.0247545969
1224979236083766784,51,139,82,0,0.0694734007
1224979236083766784,52,139,516,0,0.0840584636
1224979236083766784,52,139,517,0,0.0396701507
1224979236083766784,53,84,1058,0,0.11943794
1224979236083766784,53,83,1057,0,0.0579091795
1224979236083767040,54,313,1052,0,0.120758966
1224979236083767040,55,160,1209,0,0.0228798967
1224979236083767040,55,159,1209,0,0.0822862163
1224979236083767040,55,159,1210,0,0.0271183457
1224979236083767296,56,74,229,0,0.0418977402
1224979236083767296,56,74,228,0,0.101736099
1224979236083767296,56,74,227,0,0.0115904287
1224979236083767296,56,73,227,0,0.0591965914
1224979236083770368,57,105,820,0,0.0253322404
1224979236083770368,57,105,819,0,0.042021919
1224979236083770368,57,104,818,0,0.034588214
1224979236083770368,57,104,817,0,0.0518453121
1224979236083770368,57,104,816,0,0.0710057616
1224979236083770368,57,104,815,0,0.0659259409
1224979236083770368,57,104,814,0,0.0580755435
1224979236083770368,57,104,813,0,0.0127380304
1224979236083770368,57,104,812,0,0.0607759841
1224979236083770368,57,104,811,0,0.0239703357
1224979236083770624,58,56,1057,0,0.108023316
1224979236083770624,58,56,1058,0,0.0369135365
1224979236083771136,59,287,352,0,0.0515327565
1224979236083771136,59,287,353,0,0.0721509755
1224979236083771136,59,287,354,0,0.0624587722
1224979236083771136,59,287,355,0,0.0736893415
1224979236083771136,59,287,356,0,0.028867431
1224979236083774208,60,317,700,0,0.114524551
1224979236083774208,61,202,812,0,0.0983222649
1224979236083774208,62,137,1301,0,0.0416368581
1224979236083774208,62,136,1302,0,0.0500158332
1224979236083774464,63,263,1371,0,0.062711671
1224979236083774464,63,263,1372,0,0.0750556886
1224979236083774464,63,263,1373,0,0.0215920098
1224979236083774464,64,96,343,0,0.0669887289
1224979236083774464,64,95,343,0,0.0520430431
1224979236083774720,65,28,409,0,0.0537587181
1224979236083774720,65,28,410,0,0.0269721318
1224979236083774720,65,28,411,0,0.0408803821
1224979236083774720,65,28,412,0,0.0274801776
1224979236083774720,65,27,412,0,0.0328907408
1224979236083774720,65,27,413,0,0.0113134561
1224979236083774720,66,289,146,0,0.0309879817
1224979236083774720,66,289,147,0,0.0667287335
1224979236083774720,66,289,148,0,0.0658470392
1224979236083774720,66,289,149,0,0.0319395512
1224979236083774720,67,308,138,0,0.0111976555
1224979236083774720,67,309,138,0,0.0726735368
1224979236083774720,67,309,137,0,0.0642849356
1224979236083774720,68,315,140,0,0.0378218517
1224979236083774720,68,314,140,0,0.0563818701
1224979236083774720,68,314,139,0,0.0284862909
1224979236083774720,68,313,139,0,0.0541121624
1224979236083774720,68,312,138,0,0.0614223406
1224979236083774720,68,311,138,0,0.0483147763
1224979236083774720,68,311,137,0,0.0722897574
1224979236083777792,69,61,693,0,0.0544416234
1224979236083777792,69,61,692,0,0.0719863102
1224979236083778048,70,0,1413,0,0.0254146922
1224979236083778048,70,0,1414,0,0.0922207981
1224979236083778048,70,0,1415,0,0.0480344966
1224979236083778048,71,121,1338,0,0.12852563
1224979236083781376,72,309,1250,0,0.0272135437
1224979236083781376,72,310,1250,0,0.0925657451
1224979236083781376,72,310,1251,0,0.0512988195
1224979236083781632,73,331,358,0,0.0305436924
1224979236083781632,73,331,359,0,0.0666673705
1224979236083781632,73,331,360,0,0.0782442763
1224979236083781632,73,331,361,0,0.0339343585
1224979236083784960,74,53,1261,0,0.0826916769
1224979236083784960,74,52,1262,0,0.0700437054
1224979236083785216,75,76,381,0,0.0149044385
1224979236083785216,75,75,382,0,0.0623543188
1224979236083785216,75,75,383,0,0.0827579424
1224979236083785216,75,75,384,0,0.0270445682
1224979373522691072,76,30,1066,0,0.0334995314
1224979373522691072,76,30,1065,0,0.0546224378
1224979373522691072,76,30,1064,0,0.0598485135
1224979373522691072,76,30,1063,0,0.0596116297
1224979373522691072,76,30,1062,0,0.038238015
1224979373522691072,76,29,1062,0,0.0161609128
1224979373522691072,76,29,1061,0,0.0641774014
1224979373522691072,76,29,1060,0,0.0443579629
1224979373522691072,76,29,1059,0,0.0601577573
1224979373522691072,76,29,1058,0,0.062488623
1224979373522691072,76,29,1057,0,0.0553483404
1224979373522695680,77,282,402,0,0.0561291836
1224979373522695680,77,282,403,0,0.0400543027
1224979373522696192,78,149,51,0,0.0311479177
1224979373522696192,78,149,52,0,0.0729052797
1224979373522696192,78,149,53,0,0.084745571
1224979373522696192,78,149,54,0,0.0660526082
1224979373522699008,79,236,764,0,0.118160851
1224979373522699264,80,11,406,0,0.0767973363
1224979373522699264,80,10,406,0,0.0867155567
1224979373522699264,81,97,351,0,0.052129481
1224979373522699264,81,97,352,0,0.0764092952
1224979373522699264,81,97,353,0,0.0160438307
1224979373522702592,82,213,468,0,0.0767623112
1224979373522702592,82,213,467,0,0.0611112118
1224979373522702848,83,333,1433,0,0.126559272
1224979373522703104,84,96,588,0,0.0487072244
1224979373522703104,84,96,589,0,0.0921233073
1224979373522703104,84,96,590,0,0.0722405836
1224979373522706432,85,64,1437,0,0.122559428
1224979373522717184,86,197,98,0,0.10774377
1224979373522717184,86,197,99,0,0.0364478007
1224979373522717184,87,241,1271,0,0.0411431603
1224979373522717184,87,241,1272,0,0.0815037265
1224979373522717184,87,241,1273,0,0.0539810918
1224979373522717184,87,241,1274,0,0.0403449684
1224979373522723584,88,290,1414,0,0.0506572574
1224979373522723584,88,290,1413,0,0.0419479124
1224979373522723584,88,290,1412,0,0.0340163633
1224979373522723584,88,290,1411,0,0.0458111055
1224979373522723584,88,290,1410,0,0.0107214442
1224979373522730240,89,106,835,0,0.0211073328
1224979373522730240,89,106,834,0,0.0276317764
1224979373522730240,89,106,833,0,0.0533883236
1224979373522730240,89,106,832,0,0.0580433458
1224979373522730240,89,106,831,0,0.0665543079
1224979373522730240,89,106,830,0,0.0373644717
1224979373522730240,89,106,829,0,0.0521441586
1224979373522730240,89,106,828,0,0.0504124872
1224979373522730240,89,106,827,0,0.0675778836
1224979373522730240,89,106,826,0,0.0308774859
1224979373522730240,89,106,825,0,0.0350641496
1224979373522730240,89,106,824,0,0.0305274706
1224979373522730240,89,106,823,0,0.0424605757
1224979373522730240,89,106,822,0,0.0513026416
1224979373522730496,90,245,1111,0,0.0422227681
1224979373522730496,90,245,1110,0,0.0365593806
1224979373522730496,90,245,1109,0,0.0648426265
1224979373522730496,90,245,1108,0,0.0383002423
1224979373522730496,90,245,1107,0,0.0303814281
1224979373522730752,91,19,1353,0,0.0337986425
1224979373522730752,91,19,1352,0,0.0594135746
1224979373522730752,91,19,1351,0,0.0654657036
1224979373522730752,91,19,1350,0,0.078992039
1224979373522730752,91,19,1349,0,0.040904507
1224979373522731008,92,270,1385,0,0.10082373
1224979373522731008,93,157,1238,0,0.0355423875
1224979373522731008,93,157,1237,0,0.0319387577
1224979373522731008,93,157,1236,0,0.0720125586
1224979373522731008,93,157,1235,0,0.0833161697
1224979373522731008,93,157,1234,0,0.065287821
1224979373522735104,94,280,980,0,0.123083159
1224979373522738432,95,243,1091,0,0.0173468683
1224979373522738432,95,242,1091,0,0.0615207851
1224979373522738432,95,242,1090,0,0.0822477415
1224979373522738432,95,242,1089,0,0.0274444241
1224979373522738688,96,8,987,0,0.119807005
1224979373522739200,97,304,248,0,0.0263901912
1224979373522739200,97,304,249,0,0.0674988031
1224979373522739200,97,304,250,0,0.047927577
1224979373522739200,97,304,251,0,0.0575221814
1224979373522739200,97,304,252,0,0.0332407728
1224979373522739200,97,304,253,0,0.0874302536
1224979373522739200,97,304,254,0,0.0662991703
1224979373522739200,97,304,255,0,0.0147536881
1224979373522742784,98,34,338,0,0.0212657899
1224979373522742784,98,34,339,0,0.0697984993
1224979373522742784,98,34,340,0,0.0550648607
1224979373522742784,98,34,341,0,0.0383683182
1224979373522742784,98,33,341,0,0.0125308093
1224979373522742784,98,33,342,0,0.0804173723
1224979373522742784,98,33,343,0,0.039773155
1224979373522742784,98,33,344,0,0.0396544412
1224979373522742784,98,33,345,0,0.0147900414
1224979373522746880,99,94,1379,0,0.0482506752
1224979373522746880,99,94,1378,0,0.0718712881
1224979373522746880,99,94,1377,0,0.0229910351
1224979373522746880,99,94,1376,0,0.0530131869
1224979373522746880,99,94,1375,0,0.0631790534
1224979373522746880,99,94,1374,0,0.062025588
1224979373522746880,99,94,1373,0,0.0488973856
1224979373522746880,99,94,1372,0,0.0181761608
1224979373522746880,99,93,1371,0,0.0543450639
1224979373522746880,99,93,1370,0,0.0436109826
1224979373522746880,99,93,1369,0,0.0317847468
1224979373522746880,99,93,1368,0,0.075637497
1224979373522746880,99,93,1367,0,0.036642462
1224979373522746880,99,93,1366,0,0.0655909106
1224979373522746880,99,93,1365,0,0.026398465
1224979373522750464,100,220,1329,0,0.0301456489
1224979373522750464,100,219,1329,0,0.0338180214
1224979373522750464,100,219,1328,0,0.0515562557
1224979373522750464,100,219,1327,0,0.0549658835
1224979373522750464,100,219,1326,0,0.0467026234
1224979373522750464,100,219,1325,0,0.0463049449
1224979373522750464,100,219,1324,0,0.0321874097
1224979373522750464,100,219,1323,0,0.0399660282
1224979373522750464,100,219,1322,0,0.038671162
1224979373522750464,100,219,1321,0,0.0480123125
1224979373522750464,100,219,1320,0,0.0608133785
1224979373522750464,100,219,1319,0,0.0499492101
1224979373522750464,100,219,1318,0,0.0838261172
1224979373522750464,100,219,1317,0,0.029204743
1224979373522756352,101,216,1341,0,0.0476752892
1224979373522756352,101,216,1340,0,0.0881665871
1224979373522756352,102,73,843,0,0.0180206839
1224979373522756352,102,73,842,0,0.0989696458
1224979373522756352,102,73,841,0,0.0669624731
1224979373522759680,103,219,757,0,0.0364615731
1224979373522759680,103,218,757,0,0.0898377746
1224979373522759680,103,218,756,0,0.0119570727
1224979373522759936,104,276,611,0,0.0216384772
1224979373522759936,104,276,610,0,0.10501302
1224979373522759936,104,276,609,0,0.0558792949
1224979373522759936,104,276,608,0,0.0272111911
1224979373522763520,105,177,1403,0,0.134013772
1224979373522763520,105,177,1404,0,0.0235801861
1224979373522763520,106,4,566,0,0.0618212745
1224979373522763520,106,4,565,0,0.0760554895
1224979373522763520,106,4,564,0,0.0729460046
1224979373522764032,107,199,264,0,0.0650315508
1224979373522764032,107,198,264,0,0.084768258
1224979373522770688,108,213,536,0,0.0606787913
1224979373522770688,108,212,536,0,0.0591570251
1224979373522770944,109,78,743,0,0.0385544635
1224979373522770944,109,78,742,0,0.0187107716
1224979373522770944,109,77,742,0,0.104119033
1224979373522775040,110,179,806,0,0.0297072902
1224979373522775040,110,179,807,0,0.0907002911
1224979373522775040,110,179,808,0,0.023480162
1224979373522775040,110,179,809,0,0.054450307
1224979373522775040,110,179,810,0,0.0243925974
1224979373522777600,111,325,878,0,0.0583500788
1224979373522777600,111,325,877,0,0.042153649
1224979373522777600,111,325,876,0,0.0573261157
1224979373522777600,111,325,875,0,0.0702503324
1224979373522777600,111,325,874,0,0.0676774904
1224979373522777856,112,294,20,0,0.142008215
1224979373522781184,113,124,700,0,0.0382108502
1224979373522781184,113,123,700,0,0.0182462856
1224979373522781184,113,123,701,0,0.07361608
1224979373522781184,114,56,824,0,0.0427137502
1224979373522781184,114,56,823,0,0.0276233032
1224979373522781184,114,55,823,0,0.0480619967
1224979373522781184,114,55,822,0,0.0444761515
1224979373522781184,114,55,821,0,0.0664301291
1224979373522781184,114,55,820,0,0.0183304679
1224979373522781440,115,23,22,0,0.114656769
1224979373522781952,116,170,521,0,0.0724024773
1224979373522781952,116,170,522,0,0.0602775887
1224979373522781952,116,170,523,0,0.0585864745
1224979373522785280,117,269,1245,0,0.0777848288
1224979373522785280,117,269,1246,0,0.0755791068
1224979373522788352,118,258,738,0,0.024428023
1224979373522788352,118,258,737,0,0.0972499251
1224979373522788608,119,238,1088,0,0.017163299
1224979373522788608,119,238,1087,0,0.0873272717
1224979373522788608,119,238,1086,0,0.0812013075
1224979373522791936,120,104,40,0,0.130391449
1224979373522791936,121,102,958,0,0.0689091831
1224979373522791936,121,102,959,0,0.057746727
1224979373522792448,122,146,95,0,0.0250876807
1224979373522792448,122,145,95,0,0.0615943223
1224979373522792448,122,145,96,0,0.0795509294
1224979373522795008,123,300,1188,0,0.0602075718
1224979373522795008,123,300,1187,0,0.0455859229
1224979373522795008,123,300,1186,0,0.0762714744
1224979373522795008,123,300,1185,0,0.0595772527
1224979373522795008,123,300,1184,0,0.0764414147
1224979373522795008,123,300,1183,0,0.0573523268
1224979373522795008,123,300,1182,0,0.0432613827
1224979373522795008,123,300,1181,0,0.03197686
1224979373522795008,123,300,1180,0,0.0300683267
1224979373522795008,123,300,1179,0,0.0618565753
1224979373522795776,124,203,1212,0,0.133614704
1224979510961645824,125,267,444,0,0.031045109
1224979510961645824,125,267,445,0,0.0904573277
1224979510961645824,125,267,446,0,0.0401640385
1224979510961652224,126,143,309,0,0.0398552045
1224979510961652224,126,143,308,0,0.0859772041
1224979510961652480,127,109,292,0,0.0777407363
1224979510961652480,127,109,291,0,0.070089139
1224979510961652480,127,109,290,0,0.0214550514
1224979510961652480,128,333,54,0,0.0235806871
1224979510961652480,128,333,55,0,0.121558607
1224979510961655552,129,59,1435,0,0.0191658568
1224979510961655552,129,58,1435,0,0.121800482
1224979510961655808,130,137,241,0,0.135193661
1224979510961656064,131,55,73,0,0.0755557343
1224979510961656064,131,55,74,0,0.0845875591
1224979510961656320,132,128,525,0,0.084382847
1224979510961656320,132,128,526,0,0.0236724243
1224979510961656320,132,127,526,0,0.033146929
1224979510961660928,133,285,760,0,0.0769425407
1224979510961660928,133,285,759,0,0.0490788892
1224979510961660928,133,285,758,0,0.0594596043
1224979510961660928,133,285,757,0,0.0392191373
1224979510961660928,133,285,756,0,0.0313282199
1224979510961660928,133,285,755,0,0.0316994563
1224979510961660928,133,285,754,0,0.0468203947
1224979510961660928,133,285,753,0,0.0504933484
1224979510961660928,133,285,752,0,0.056073565
1224979510961663232,134,121,1420,0,0.0653981119
1224979510961663232,134,120,1420,0,0.123667002
1224979510961664512,135,6,628,0,0.0804630294
1224979510961664512,135,6,627,0,0.050626982
1224979510961664512,135,6,626,0,0.0745156333
1224979510961664512,135,6,625,0,0.060868483
1224979510961664512,135,6,624,0,0.0327114388
1224979510961664512,135,6,623,0,0.0705666244
1224979510961664512,135,6,622,0,0.0631092787
1224979510961664512,135,6,621,0,0.0349235609
1224979510961664512,135,5,621,0,0.0210172348
1224979510961664512,135,5,620,0,0.0127240978
1224979510961664512,135,5,619,0,0.0202689227
1224979510961671936,136,99,66,0,0.0158500858
1224979510961671936,136,99,67,0,0.0822967812
1224979510961671936,136,99,68,0,0.0488723665
1224979510961671936,136,99,69,0,0.0392822847
1224979510961671936,136,99,70,0,0.055946473
1224979510961674240,137,323,480,0,0.0323058702
1224979510961674240,137,323,481,0,0.0693077222
1224979510961677824,138,45,483,0,0.114910297
1224979510961677824,139,187,977,0,0.0747960806
1224979510961677824,139,187,978,0,0.0811365396
1224979510961684736,140,140,703,0,0.0527041778
1224979510961684736,140,140,702,0,0.0297090877
1224979510961688320,141,275,172,0,0.0628930479
1224979510961688320,141,275,171,0,0.084288083
1224979510961688832,142,80,1425,0,0.0560962111
1224979510961688832,142,80,1426,0,0.0666407496
1224979510961688832,142,80,1427,0,0.0240354855
1224979510961692416,143,201,109,0,0.113667861
1224979510961713664,144,110,484,0,0.0939403921
1224979510961713664,144,109,484,0,0.0367499217
1224979510961713664,144,109,485,0,0.0389077216
1224979510961713920,145,184,1006,0,0.028416222
1224979510961713920,145,184,1007,0,0.0524386577
1224979510961713920,145,184,1008,0,0.0724288374
1224979510961713920,145,184,1009,0,0.0487659387
1224979510961730560,146,59,1230,0,0.0677899495
1224979510961730560,146,59,1229,0,0.0633638725
1224979510961730560,146,59,1228,0,0.0607372709
1224979510961730560,146,59,1227,0,0.0604726113
1224979510961730560,146,59,1226,0,0.0252634231
1224979510961730816,147,285,1098,0,0.0167082008
1224979510961730816,147,285,1097,0,0.0333655402
1224979510961730816,147,285,1096,0,0.0525543466
1224979510961730816,147,285,1095,0,0.0485024899
1224979510961730816,147,285,1094,0,0.0669215992
1224979510961733888,148,155,1253,0,0.0159770921
1224979510961733888,148,155,1252,0,0.0392831154
1224979510961733888,148,155,1251,0,0.0412160605
1224979510961733888,148,155,1250,0,0.0813910365
1224979510961734400,149,6,1034,0,0.0653821826
1224979510961734400,149,6,1033,0,0.025299035
1224979510961734400,149,6,1032,0,0.0581928119
1224979510961734400,149,6,1031,0,0.0643382967
1224979510961734400,149,6,1030,0,0.0511725396
1224979510961734400,149,5,1030,0,0.0102163889
1224979510961734656,150,199,1401,0,0.0482843295
1224979510961734656,150,198,1401,0,0.0765610561
1224979510961742336,151,112,1153,0,0.0334095284
1224979510961742336,151,111,1153,0,0.123232931
1224979510961743616,152,325,1298,0,0.0650583282
1224979510961743616,152,325,1299,0,0.0669984519
1224979510961743616,152,325,1300,0,0.0354566947
1224979510961743616,152,325,1301,0,0.051795736
1224979510961743616,152,325,1302,0,0.0462549254
1224979510961743616,152,325,1303,0,0.0601826049
1224979510961743616,152,325,1304,0,0.0599746816
1224979510961745664,153,221,310,0,0.0660384595
1224979510961745664,153,221,309,0,0.0811064765
1224979510961745664,153,221,308,0,0.0629674718
1224979510961747200,154,47,1384,0,0.046658475
1224979510961747200,154,47,1385,0,0.0451522768
1224979510961747200,154,47,1386,0,0.0674830824
1224979510961747200,154,47,1387,0,0.0409177877
1224979510961747200,154,47,1388,0,0.0463326648
1224979510961747200,154,47,1389,0,0.0382224582
1224979510961747200,154,47,1390,0,0.0914478302
1224979510961747200,154,47,1391,0,0.0126272449
1224979510961774336,155,251,109,0,0.0194645338
1224979510961774336,155,250,109,0,0.0378729142
1224979510961774336,155,250,108,0,0.0899271294
1224979510961777920,156,211,773,0,0.0410663113
1224979510961777920,156,211,772,0,0.103960693
1224979510961777920,156,211,771,0,0.0143359583
1224979510961784832,157,111,342,0,0.0601305626
1224979510961784832,157,111,341,0,0.0702746883
1224979510961784832,158,209,989,0,0.0500936732
1224979510961784832,158,209,988,0,0.0744258091
1224979510961784832,158,209,987,0,0.0401931927
1224979510961784832,158,208,987,0,0.0216787588
1224979510961788928,159,216,235,0,0.0731078014
1224979510961788928,159,215,235,0,0.0817064643
1224979510961789184,160,251,576,0,0.0323470607
1224979510961789184,160,251,577,0,0.0992214084
1224979510961792512,161,224,412,0,0.053650938
1224979510961792512,161,224,411,0,0.071814321
1224979510961795840,162,171,320,0,0.0415670536
1224979510961795840,162,171,319,0,0.123752087
1224979510961800960,163,288,997,0,0.0158266574
1224979510961800960,163,288,998,0,0.0369842798
1224979510961800960,163,288,999,0,0.0825093612
1224979510961800960,163,288,1000,0,0.0534671769
1224979510961800960,163,288,1001,0,0.034675356
1224979510961804544,164,9,1062,0,0.0295418706
1224979510961804544,164,9,1063,0,0.0768330246
1224979510961804544,164,9,1064,0,0.0522623286
1224979510961804544,164,9,1065,0,0.0759019852
1224979510961804544,164,9,1066,0,0.0568689518
1224979510961813248,165,292,602,0,0.060012769
1224979510961813248,165,292,601,0,0.0682341531
1224979510961813248,165,292,600,0,0.0482502021
1224979510961813248,165,291,600,0,0.0112184798
1224979510961813248,165,291,599,0,0.0589689538
1224979510961813248,165,291,598,0,0.0453890711
1224979510961813760,166,239,93,0,0.108564667
1224979510961816832,167,13,535,0,0.0268128831
1224979510961816832,167,13,534,0,0.0762886703
1224979510961816832,167,13,533,0,0.0595396906
1224979510961816832,167,13,532,0,0.0621170849
1224979510961817088,168,126,1089,0,0.0874669403
1224979510961817088,168,126,1090,0,0.0349880159
1224979510961817088,168,125,1090,0,0.0425519384
1224979510961818112,169,204,46,0,0.0740490779
1224979510961818112,169,204,47,0,0.0621041395
1224979510961818112,169,204,48,0,0.0508807451
1224979648400601344,170,214,1385,0,0.0530811772
1224979648400601344,170,214,1384,0,0.027095994
1224979648400601344,170,214,1383,0,0.0149470195
1224979648400601344,170,213,1383,0,0.0306472983
1224979648400601344,170,213,1382,0,0.0642960295
1224979648400601344,170,213,1381,0,0.0455772243
1224979648400602368,171,134,183,0,0.10277009
1224979648400605952,172,102,114,0,0.0323068462
1224979648400605952,172,102,115,0,0.0866408199
1224979648400606720,173,220,1236,0,0.0850078538
1224979648400606720,173,220,1237,0,0.0601708852
1224979648400606720,173,220,1238,0,0.0716942772
1224979648400617216,174,314,1234,0,0.0681201741
1224979648400617216,174,314,1235,0,0.0317361876
1224979648400620800,175,38,1256,0,0.0257784724
1224979648400620800,175,38,1257,0,0.067466408
1224979648400620800,175,38,1258,0,0.0369251035
1224979648400620800,175,37,1258,0,0.0161937606
1224979648400626944,176,128,1242,0,0.072423391
1224979648400626944,176,128,1241,0,0.057980042
1224979648400627200,177,78,785,0,0.0710600838
1224979648400627200,177,78,784,0,0.0545446239
1224979648400630528,178,143,1369,0,0.059500888
1224979648400630528,178,142,1369,0,0.0576534197
1224979648400631040,179,137,749,0,0.0771523789
1224979648400631040,179,136,749,0,0.0232891478
1224979648400631040,179,136,750,0,0.0449848324
1224979648400631296,180,244,1041,0,0.11252784
1224979648400631296,180,244,1042,0,0.0222250428
1224979648400645632,181,234,217,0,0.143921703
1224979648400661504,182,64,395,0,0.0550028794
1224979648400661504,182,64,396,0,0.0661346093
1224979648400661504,182,64,397,0,0.0630129054
1224979648400661504,182,63,397,0,0.0131576071
1224979648400661504,182,63,398,0,0.0588859469
1224979648400667136,183,122,578,0,0.0665056556
1224979648400667136,183,121,578,0,0.0807594135
1224979648400667392,184,332,289,0,0.0465116128
1224979648400667392,184,332,290,0,0.104496785
1224979648400670976,185,56,310,0,0.014391304
1224979648400670976,185,56,311,0,0.0789406225
1224979648400670976,185,56,312,0,0.0733156949
1224979648400677632,186,124,628,0,0.0681602359
1224979648400677632,186,123,628,0,0.0605156049
1224979648400681984,187,173,980,0,0.0564041361
1224979648400681984,187,173,981,0,0.0712288022
1224979648400681984,187,173,982,0,0.0285746697
1224979648400684544,188,187,1256,0,0.0922536328
1224979648400684544,188,187,1255,0,0.0343138874
1224979648400688896,189,215,261,0,0.126337007
1224979648400724480,190,80,950,0,0.0131911682
1224979648400724480,190,79,950,0,0.0763414204
1224979648400724480,190,79,951,0,0.0193219595
1224979648400724992,191,189,990,0,0.0369714461
1224979648400724992,191,189,991,0,0.0467173234
1224979648400724992,191,189,992,0,0.0681552291
1224979648400724992,191,189,993,0,0.0528815389
1224979648400741120,192,281,792,0,0.0244462211
1224979648400741120,192,281,791,0,0.0525170714
1224979648400741120,192,281,790,0,0.089696534
1224979648400741120,192,281,789,0,0.0633497685
1224979648400741120,192,281,788,0,0.0515445806
1224979648400744704,193,4,731,0,0.0287624374
1224979648400744704,193,4,730,0,0.0496599711
1224979648400744704,193,4,729,0,0.0487306938
1224979648400744704,193,4,728,0,0.0575615019
1224979648400744704,193,4,727,0,0.0492151678
1224979648400747008,194,284,1144,0,0.0768122077
1224979648400747008,194,284,1143,0,0.0712192133
1224979648400747008,194,284,1142,0,0.0637591034
1224979648400747008,194,284,1141,0,0.0367979929
1224979648400748544,195,64,541,0,0.0310155265
1224979648400748544,195,64,540,0,0.0665195435
1224979648400748544,195,64,539,0,0.0522380099
1224979648400748544,195,64,538,0,0.061245162
1224979648400748544,195,64,537,0,0.0351068452
1224979648400754176,196,8,1095,0,0.0323321559
1224979648400754176,196,8,1094,0,0.0844868124
1224979648400754176,196,8,1093,0,0.023168236
1224979648400754176,196,7,1093,0,0.0664025992
1224979648400754176,196,7,1092,0,0.0660062954
1224979648400754176,196,7,1091,0,0.0257213507
1224979648400756224,197,74,1420,0,0.135912627
1224979648400763904,198,221,1357,0,0.0507609807
1224979648400763904,198,220,1358,0,0.0935412794
1224979648400770560,199,245,812,0,0.0321794562
1224979648400770560,199,245,811,0,0.0578144081
1224979648400770560,199,244,810,0,0.0488111712
1224979648400773120,200,124,55,0,0.0241652988
1224979648400773120,200,124,56,0,0.0529535599
1224979648400773120,200,124,57,0,0.0773490444
1224979648400773120,200,124,58,0,0.0383680463
1224979648400773120,200,124,59,0,0.0692671761
1224979648400773120,200,124,60,0,0.0544766374
1224979648400773120,200,124,61,0,0.0396854691
1224979648400773120,200,124,62,0,0.0180783011
1224979648400813568,201,151,634,0,0.0882284865
1224979648400813568,201,151,633,0,0.0592528544
1224979648400817408,202,230,82,0,0.0152213201
1224979648400817408,202,229,82,0,0.0727743432
1224979648400817408,202,229,81,0,0.0577912591
1224979648400827648,203,80,1292,0,0.0213185661
1224979648400827648,203,80,1291,0,0.148230627
1224979648400827648,204,226,1144,0,0.0463397205
1224979648400827648,204,226,1143,0,0.0556750074
1224979648400827648,204,226,1142,0,0.0253331568
1224979648400827648,204,226,1141,0,0.0101188617
1224979648400839168,205,100,583,0,0.0413985439
1224979648400839168,205,99,584,0,0.0814008191
1224979648400839424,206,153,963,0,0.0940068588
1224979648400839424,206,153,964,0,0.010622547
1224979648400842752,207,250,1,0,0.0570099913
1224979648400842752,207,250,0,0,0.0813435614
1224979648400846080,208,309,60,0,0.126702711
1224979648400846080,209,309,61,0,0.0268923957
1224979648400846080,209,309,60,0,0.0643304959
1224979648400846080,209,309,59,0,0.0764580294
1224979648400846080,209,309,58,0,0.0230091922
1224979648400846080,209,308,58,0,0.0503141023
1224979648400846080,209,308,57,0,0.0657556653
1224979648400846080,210,309,37,0,0.0507700108
1224979648400846080,210,310,36,0,0.0566348322
1224979648400846080,210,311,36,0,0.0476722009
1224979648400846080,210,311,35,0,0.0426784307
1224979648400846080,210,312,35,0,0.0229191333
1224979648400846080,210,312,34,0,0.0250417497
1224979648400846080,210,313,34,0,0.0595485121
1224979648400846080,210,313,33,0,0.0150825568
1224979648400846080,211,316,96,0,0.117441148
1224979648400849664,212,33,53,0,0.0534135439
1224979648400849664,212,32,52,0,0.0681465343
1224979648400849664,213,68,80,0,0.0370602496
1224979648400849664,213,69,80,0,0.0810382664
1224979648400849664,213,70,80,0,0.0335680321
1224979648400849664,213,70,79,0,0.0216297638
1224979648400849664,213,71,79,0,0.0585875511
1224979648400849664,213,72,79,0,0.0628043935
1224979648400849664,213,73,79,0,0.0129378485
1224979648400855296,214,70,163,0,0.0761335716
1224979648400855296,214,70,164,0,0.0451144353
1224979648400855296,214,70,165,0,0.0449645743
1224979648400855296,214,70,166,0,0.0368060283
1224979648400855296,214,70,167,0,0.0425874628
1657324800311313666,215,335,120,0,1
1657324800311322627,216,330,35,0,1
1657324800311322627,216,330,36,0,1
1657324800311324931,217,586,24,0,1
1657324937750265090,218,160,98,0,1
1657324937750267138,219,341,59,0,1
1657324937750267650,220,309,87,0,1
1657325075189218562,221,188,40,0,1
1657325075189220610,222,346,7,0,1
1657325075189221122,223,318,30,0,1
1657325075189225731,224,652,53,0,1
1657325212628161537,225,348,108,0,1
1657325212628163329,226,518,79,0,1
1657325212628163841,227,505,97,0,1
1657325212628168450,228,352,102,0,1
1657325212628168450,229,409,39,0,1
1657325212628168450,229,410,39,0,1
1657325212628168450,229,410,38,0,1
1657325212628168450,230,408,38,0,1
1657325212628168450,230,409,38,0,1
1657325350067115009,231,353,58,0,1
1657325350067116801,232,496,33,0,1
1657325350067117313,233,483,48,0,1
1657325350067121922,234,355,33,0,1
1657325487506064641,235,538,100,0,1
1657325487506068481,236,357,17,0,1
1657325487506070785,237,465,7,0,1
1657325487506092803,238,232,78,0,1
1657325487506092803,238,231,78,0,1
1657325487506092803,238,231,79,0,1
1657325487506092803,238,230,79,0,1
1657325487506092803,238,229,79,0,1
1657325487506092803,238,228,79,0,1
1657325487506092803,238,228,80,0,1
1657325487506092803,238,227,80,0,1
1657325487506092803,238,226,80,0,1
1657325487506092803,238,225,80,0,1
1657325487506092803,238,225,81,0,1
1657325487506092803,238,224,81,0,1
1657325487506092803,238,223,81,0,1
1657325487506092803,238,222,81,0,1
1657325487506092803,238,222,82,0,1
1657325487506092803,238,221,82,0,1
1657325487506092803,238,220,82,0,1
1657325487506092803,238,219,82,0,1
1657325487506092803,238,219,83,0,1
1657325487506092803,238,218,83,0,1
1657325487506092803,238,217,83,0,1
1657325487506092803,238,216,83,0,1
1657325487506092803,238,216,84,0,1
1657325487506092803,238,215,84,0,1
1657325487506092803,238,214,84,0,1
1657325487506092803,238,213,84,0,1
1657325487506092803,238,212,84,0,1
1657325487506092803,238,212,85,0,1
1657325487506092803,238,211,85,0,1
1657325487506092803,238,210,85,0,1
1657325487506092803,238,209,85,0,1
1657325487506092803,238,209,86,0,1
1657325487506092803,238,208,86,0,1
1657325487506092803,238,207,86,0,1
1657325487506092803,238,206,86,0,1
1657325487506092803,238,206,87,0,1
1657325487506092803,238,205,87,0,1
1657325487506092803,238,204,87,0,1
1657325487506092803,238,203,87,0,1
1657325487506092803,238,203,88,0,1
1657325487506092803,238,202,88,0,1
1657325487506092803,238,201,88,0,1
1657325487506092803,238,200,88,0,1
1657325487506092803,238,200,89,0,1
1657325487506092803,238,199,89,0,1
1657325487506092803,238,198,89,0,1
1657325487506092803,238,197,89,0,1
1657325487506092803,238,197,90,0,1
1657325487506092803,238,196,90,0,1
1729382394349235456,239,71,60,0,1
1729382394349235712,240,126,32,0,1
1729382394349235712,240,127,32,0,1
1729382394349240064,241,75,7,0,1
1729382394349240832,242,270,71,0,1
1729382394349240832,242,271,71,0,1
1729382394349245952,243,120,88,0,1
1729382394349248768,244,110,2,0,1
1729382394349248768,244,109,2,0,1
1729382394349248768,245,120,0,0,1
1729382394349256960,246,233,75,0,1
1729382394349257984,247,63,56,0,1
1729382394349262336,248,241,5,0,1
1729382394349262592,249,66,78,0,1
1729382394349262592,249,67,78,0,1
1729382394349268480,250,131,3,0,1
1729382394349272320,251,281,41,0,1
1729382394349273344,252,160,36,0,1
1729382394349277696,253,6,43,0,1
1729382394349300224,254,262,26,0,1
1729382394349300736,255,319,36,0,1
1729382394349300736,255,319,37,0,1
1729382394349306112,256,42,29,0,1
1729382394349306112,256,42,30,0,1
1729382394349319936,257,245,4,0,1
1729382394349325056,258,253,73,0,1
1729382394349325312,259,139,58,0,1
1729382394349326080,260,288,75,0,1
1729382394349331456,261,13,75,0,1
1729382394349332480,262,93,25,0,1
1729382394349339136,263,191,72,0,1
1729382394349339136,263,191,73,0,1
1729382394349339136,263,192,73,0,1
1729382394349341952,264,112,76,0,1
1729382394349341952,264,112,75,0,1
1729382394349374208,265,240,69,0,1
1729382394349374208,265,241,69,0,1
1729382394349374208,265,241,68,0,1
1729382394349379840,266,146,32,0,1
1729382394349384960,267,218,65,0,1
1729382394349384960,267,218,64,0,1
1729382394349384960,267,219,64,0,1
1729382394349384960,268,294,1,0,1
1729382394349384960,268,295,1,0,1
1729382394349386240,269,237,2,0,1
1729382394349386240,270,264,81,0,1
1729382394349386240,270,265,81,0,1
1729382394349390336,271,19,7,0,1
1729382394349391360,272,179,17,0,1
1729382394349401344,273,75,60,0,1
1729382394349401344,273,76,60,0,1
1729382394349403392,274,101,34,0,1
1729382394349403392,274,102,34,0,1
1729382394349417472,275,318,89,0,1
1729382394349417472,275,319,89,0,1
1729382394349418240,276,166,21,0,1
1729382394349419008,277,227,27,0,1
1729382394349419008,277,228,27,0,1
1729382394349422080,278,83,23,0,1
1729382394349422848,279,42,88,0,1
1729382394349429504,280,148,29,0,1
1729382394349438720,281,175,74,0,1
1729382394349438720,282,200,61,0,1
1729382531788194816,283,199,89,0,1
1729382531788205312,284,309,23,0,1
1729382531788205312,284,309,24,0,1
1729382531788205312,284,310,24,0,1
1729382531788209408,285,71,5,0,1
1729382531788209408,285,71,4,0,1
1729382531788209408,286,106,24,0,1
1729382531788209664,287,316,1,0,1
1729382531788209664,287,317,1,0,1
1729382531788210688,288,36,20,0,1
1729382531788210688,289,114,71,0,1
1729382531788210688,289,115,71,0,1
1729382531788215040,290,43,2,0,1
1729382531788221184,291,149,89,0,1
1729382531788238848,292,189,10,0,1
1729382531788238848,292,189,11,0,1
1729382531788248064,293,151,82,0,1
1729382531788248576,294,304,48,0,1
1729382531788253440,295,271,0,0,1
1729382531788253440,295,272,0,0,1
1729382531788253952,296,31,44,0,1
1729382531788253952,296,31,45,0,1
1729382531788258816,297,0,0,0,1
1729382531788259584,298,229,80,0,1
1729382531788268800,299,162,15,0,1
1729382531788269824,300,105,47,0,1
1729382531788307456,301,137,59,0,1
1729382531788307456,301,138,59,0,1
1729382531788308224,302,212,49,0,1
1729382531788308224,302,213,49,0,1
1729382531788332032,303,168,44,0,1
1729382531788332032,303,168,43,0,1
1729382531788332032,303,169,43,0,1
1729382531788337408,304,288,45,0,1
1729382531788337664,305,131,3,0,1
1729382531788337664,305,131,2,0,1
1729382531788342784,306,16,52,0,1
1729382531788344064,307,64,76,0,1
1729382531788345088,308,287,41,0,1
1729382531788350464,309,15,40,0,1
1729382531788357888,310,258,32,0,1
1729382531788357888,310,258,33,0,1
1729382531788359936,311,147,4,0,1
1729382531788408320,312,305,69,0,1
1729382531788408320,313,53,3,0,1
1729382531788413696,314,32,72,0,1
1729382531788413696,315,33,72,0,1
1729382531788413696,315,32,72,0,1
1729382531788413696,315,31,72,0,1
1729382531788419072,316,240,27,0,1
1729382531788419072,316,241,27,0,1
1729382531788429568,317,71,1,0,1
1729382531788429568,317,71,0,0,1
1729382531788431104,318,103,27,0,1
1729382531788431104,319,104,27,0,1
1729382531788431104,319,105,27,0,1
1729382531788431104,320,125,25,0,1
1729382531788431104,320,124,25,0,1
1729382531788431104,321,113,23,0,1
1729382531788431360,322,141,18,0,1
1729382531788440832,323,133,77,0,1
1729382531788446208,324,98,40,0,1
1729382531788448768,325,243,8,0,1
1729382531788448768,325,244,8,0,1
1729382531788468480,326,277,57,0,1
1729382531788468480,326,278,57,0,1
1729382531788468480,327,103,4,0,1
1729382531788471808,328,162,45,0,1
1729382531788471808,328,163,45,0,1
1729382531788473856,329,6,55,0,1
1729382531788474880,330,90,23,0,1
1729382531788474880,330,91,23,0,1
1729382669227147776,331,119,14,0,1
1729382669227150336,332,204,5,0,1
1729382669227153408,333,88,14,0,1
1729382669227154432,334,210,59,0,1
1729382669227170048,335,304,82,0,1
1729382669227175424,336,32,79,0,1
1729382669227189248,337,64,86,0,1
1729382669227189504,338,113,60,0,1
1729382669227191296,339,122,2,0,1
1729382669227191296,340,234,36,0,1
1729382669227195136,341,134,85,0,1
1729382669227212544,342,224,25,0,1
1729382669227241216,343,57,10,0,1
1729382669227241216,343,57,11,0,1
1729382669227244800,344,107,2,0,1
1729382669227250688,345,50,35,0,1
1729382669227265280,346,109,83,0,1
1729382669227267328,347,157,4,0,1
1729382669227275776,348,171,68,0,1
1729382669227277056,349,198,63,0,1
1729382669227277056,349,199,63,0,1
1729382669227331072,350,72,17,0,1
1729382669227332096,351,173,17,0,1
1729382669227360000,352,271,19,0,1
1729382669227365376,353,0,27,0,1
1729382669227370752,354,268,62,0,1
1729382669227370752,355,51,72,0,1
1729382669227370752,355,51,71,0,1
1729382669227383552,356,67,78,0,1
1729382669227389952,357,211,62,0,1
1729382669227404288,358,228,85,0,1
1729382669227468800,359,135,88,0,1
1729382669227468800,359,136,88,0,1
1729382669227468800,359,136,87,0,1
1729382669227474432,360,213,88,0,1
1729382669227490048,361,209,43,0,1
1729382669227490048,361,210,43,0,1
1729382669227490560,362,67,67,0,1
1729382669227502848,363,92,63,0,1
1729382669227503104,364,145,58,0,1
1729382669227512576,365,240,33,0,1
1729382669227512576,365,241,33,0,1
1729382669227517952,366,299,12,0,1
1729382669227523328,367,27,13,0,1
1729382669227531776,368,64,32,0,1
1729382669227531776,369,74,31,0,1
1729382669227531776,369,73,31,0,1
1729382669227531776,369,72,31,0,1
1729382669227531776,369,71,31,0,1
1729382669227531776,369,70,31,0,1
1729382669227531776,369,69,31,0,1
1729382669227531776,369,68,31,0,1
1729382669227531776,369,67,31,0,1
1729382669227531776,369,66,31,0,1
1729382669227531776,369,65,31,0,1
1729382669227531776,369,64,31,0,1
1729382669227531776,369,63,31,0,1
1729382669227531776,369,63,32,0,1
1729382669227531776,369,62,32,0,1
1729382669227531776,369,61,32,0,1
1729382669227531776,369,60,32,0,1
1729382806666128128,370,209,24,0,1
1729382806666133760,371,253,72,0,1
1729382806666140672,372,144,18,0,1
1729382806666140672,372,144,19,0,1
1729382806666166784,373,246,85,0,1
1729382806666185472,374,179,62,0,1
1729382806666185472,374,179,61,0,1
1729382806666185728,375,243,88,0,1
1729382806666193152,376,66,82,0,1
1729382806666193152,376,66,83,0,1
1729382806666193408,377,218,8,0,1
1729382806666196992,378,86,77,0,1
1729382806666214400,379,183,55,0,1
1729382806666254592,380,110,42,0,1
1729382806666254592,380,111,42,0,1
1729382806666257408,381,257,13,0,1
1729382806666263552,382,270,39,0,1
1729382806666277888,383,154,74,0,1
1729382806666285568,384,303,37,0,1
1729382806666290944,385,28,32,0,1
1729382806666290944,385,29,32,0,1
1729382806666299136,386,130,25,0,1
1729382806666299136,386,131,25,0,1
1729382806666300416,387,251,81,0,1
1729382806666365184,388,300,74,0,1
1729382806666370560,389,25,72,0,1
1729382806666370560,389,26,72,0,1
1729382806666372096,390,154,6,0,1
1729382806666372096,390,154,7,0,1
1729382806666372096,391,145,5,0,1
1729382806666372096,391,144,5,0,1
1729382806666372096,392,189,9,0,1
1729382806666372096,392,190,9,0,1
1729382806666372096,393,172,13,0,1
1729382806666372096,393,171,13,0,1
1729382806666372096,393,171,14,0,1
1729382806666372096,393,170,14,0,1
1729382806666372096,394,200,21,0,1
1729382806666372096,395,169,25,0,1
1729382806666372096,395,170,25,0,1
1729382806666372096,396,195,26,0,1
1729382806666417920,397,309,10,0,1
1729382806666423296,398,34,19,0,1
1729382806666423296,398,35,19,0,1
1729382806666428672,399,47,61,0,1
1729382806666433792,400,145,80,0,1
1729382806666445568,401,229,87,0,1
1729382806666470400,402,142,64,0,1
1729382806666470400,402,143,64,0,1
1729382806666470400,402,143,63,0,1
1729382806666551040,403,126,69,0,1
1729382806666556928,404,313,5,0,1
1729382806666562048,405,101,87,0,1
1729382806666562048,405,101,88,0,1
1729382806666562304,406,38,8,0,1
1729382806666562304,406,39,8,0,1
1729382806666582784,407,287,68,0,1
1729382806666583808,408,98,8,0,1
1729382806666583808,408,98,7,0,1
1729382806666588160,409,13,74,0,1
1729382806666588160,409,13,73,0,1
1729382806666590976,410,305,15,0,1
1729382806666596352,411,31,13,0,1
1729382806666596608,412,100,13,0,1
1729382806666605568,413,311,74,0,1
1729382806666610944,414,37,76,0,1
1729382806666616320,415,197,72,0,1
1801439988387168514,416,367,79,0,1
1801439988387182851,417,555,114,0,1
1801440125826133251,418,97,26,0,1
1801440263265086211,419,25,116,0,1
1801440263265086723,420,42,117,0,1
2017612770500939009,421,192,0,0,1
2017612770500939265,422,191,0,0,1
2017613182817843970,423,174,0,0,1
2017613182817844226,424,170,0,0,1
2017613320256772865,425,169,0,0,1
2017613320256773121,426,165,0,0,1
2017613320256785666,427,92,0,0,1
2017613320256785922,428,98,0,0,1
2017613320256786690,429,246,0,0,1
2017613320256786690,430,112,0,0,1
2017613320256786946,431,243,0,0,1
2017613320256786946,432,116,0,0,1
2017613457695715585,433,221,0,0,1
2017613457695715585,434,117,0,0,1
2017613457695715841,435,223,0,0,1
2017613457695715841,436,123,0,0,1
2089670364538910464,437,182,0,0,1
2089670364538910720,438,178,0,0,1
2089670364538930944,439,370,0,0,1
2089670364538931200,440,369,0,0,1
2089670364538936064,441,40,0,0,1
2089670364538936064,441,41,0,0,1
2089670364538936064,442,62,0,0,1
2089670364538936064,442,63,0,0,1
2089670364538936064,443,29,0,0,1
2089670364538936064,443,28,0,0,1
2089670364538936320,444,43,0,0,1
2089670364538936320,445,45,0,0,1
2089670364538936320,445,46,0,0,1
2089670364538936320,446,72,0,0,1
2089670364538936320,446,71,0,0,1
2089670364538936320,446,70,0,0,1
2089670364538936320,447,76,0,0,1
2089670364538936320,447,75,0,0,1
2089670364538936320,447,74,0,0,1
2089670364538936320,447,73,0,0,1
2089670364538936320,447,72,0,0,1
2089670364538936320,447,71,0,0,1
2089670364538936320,447,70,0,0,1
2089670364538936320,447,69,0,0,1
2089670364538936320,447,68,0,0,1
2089670364538936320,447,67,0,0,1
2089670364538936320,447,66,0,0,1
2089670364538937088,448,85,0,0,1
2089670364538937344,449,91,0,0,1
2089670364538941696,450,22,0,0,1
2089670364538941696,450,23,0,0,1
2089670364538941696,451,137,0,0,1
2089670364538941952,452,20,0,0,1
2089670364538941952,453,18,0,0,1
2089670364538941952,454,22,0,0,1
2089670364538941952,454,21,0,0,1
2089670364538941952,455,136,0,0,1
2089670364538948864,456,41,0,0,1
2089670364538949120,457,38,0,0,1
2089670364538962176,458,237,0,0,1
2089670364538962432,459,233,0,0,1
2089670364538962432,459,234,0,0,1
2089670364539015936,460,318,0,0,1
2089670364539016192,461,327,0,0,1
2089670364539028736,462,190,0,0,1
2089670364539028992,463,195,0,0,1
2089670364539046144,464,167,0,0,1
2089670364539046400,465,167,0,0,1
2089670364539051264,466,134,0,0,1
2089670364539051520,467,135,0,0,1
2089670364539051520,468,130,0,0,1
2089670364539051776,469,276,0,0,1
2089670364539051776,469,277,0,0,1
2089670364539051776,470,157,0,0,1
2089670364539051776,471,265,0,0,1
2089670364539051776,471,266,0,0,1
2089670364539052032,472,286,0,0,1
2089670364539052032,473,145,0,0,1
2089670364539052032,473,144,0,0,1
2089670364539052032,474,267,0,0,1
2089670364539052288,475,168,0,0,1
2089670364539052288,475,167,0,0,1
2089670364539052288,476,221,0,0,1
2089670364539052288,476,222,0,0,1
2089670364539052288,476,223,0,0,1
2089670364539052288,477,223,0,0,1
2089670364539052288,477,224,0,0,1
2089670364539052288,478,363,0,0,1
2089670364539052288,478,362,0,0,1
2089670364539052288,478,361,0,0,1
2089670364539052288,478,360,0,0,1
2089670364539052288,478,359,0,0,1
2089670364539052288,478,358,0,0,1
2089670364539052288,478,357,0,0,1
2089670364539052288,478,356,0,0,1
2089670364539052288,478,355,0,0,1
2089670364539052288,478,354,0,0,1
2089670364539052288,478,353,0,0,1
2089670364539052288,478,352,0,0,1
2089670364539052288,478,351,0,0,1
2089670364539052288,478,350,0,0,1
2089670364539052288,478,349,0,0,1
2089670364539052288,478,348,0,0,1
2089670364539052288,478,347,0,0,1
2089670364539052288,478,346,0,0,1
2089670364539052288,478,345,0,0,1
2089670364539052288,478,344,0,0,1
2089670364539052288,478,343,0,0,1
2089670364539052288,478,342,0,0,1
2089670364539052288,478,341,0,0,1
2089670364539052288,478,340,0,0,1
2089670364539052288,478,339,0,0,1
2089670364539052288,478,338,0,0,1
2089670364539052288,478,337,0,0,1
2089670364539052288,478,336,0,0,1
2089670364539052288,478,335,0,0,1
2089670364539052288,478,334,0,0,1
2089670364539052288,478,333,0,0,1
2089670364539052288,478,332,0,0,1
2089670364539052288,478,331,0,0,1
2089670364539052288,478,330,0,0,1
2089670364539052288,478,329,0,0,1
2089670364539052288,478,328,0,0,1
2089670364539052288,478,327,0,0,1
2089670364539052288,478,326,0,0,1
2089670364539052288,478,325,0,0,1
2089670364539052288,478,324,0,0,1
2089670364539052288,478,323,0,0,1
2089670364539052288,478,322,0,0,1
2089670364539052288,478,321,0,0,1
2089670364539052288,478,320,0,0,1
2089670364539052288,478,319,0,0,1
2089670364539052288,478,318,0,0,1
2089670364539052288,478,317,0,0,1
2089670364539052288,478,316,0,0,1
2089670364539052288,478,315,0,0,1
2089670364539052288,478,314,0,0,1
2089670364539052288,478,313,0,0,1
2089670364539052288,478,312,0,0,1
2089670364539052288,478,311,0,0,1
2089670364539052288,478,310,0,0,1
2089670364539052288,478,309,0,0,1
2089670364539052288,478,308,0,0,1
2089670364539052288,478,307,0,0,1
2089670364539052288,478,306,0,0,1
2089670364539052288,478,305,0,0,1
2089670364539052288,478,304,0,0,1
2089670364539052288,478,303,0,0,1
2089670364539052288,478,302,0,0,1
2089670364539052288,478,301,0,0,1
2089670364539052288,478,300,0,0,1
2089670364539052288,478,299,0,0,1
2089670364539052288,478,298,0,0,1
2089670364539052288,478,297,0,0,1
2089670364539052288,478,296,0,0,1
2089670364539052288,478,295,0,0,1
2089670364539052288,478,294,0,0,1
2089670364539052288,478,293,0,0,1
2089670364539052288,478,292,0,0,1
2089670364539052288,478,291,0,0,1
2089670364539052288,478,290,0,0,1
2089670364539052288,478,289,0,0,1
2089670364539052288,478,288,0,0,1
2089670364539052288,478,287,0,0,1
2089670364539052288,478,286,0,0,1
2089670364539052288,478,285,0,0,1
2089670364539052288,478,284,0,0,1
2089670364539052288,478,283,0,0,1
2089670364539052288,478,282,0,0,1
2089670364539052288,478,281,0,0,1
2089670364539052288,478,280,0,0,1
2089670364539052288,478,279,0,0,1
2089670364539052288,478,278,0,0,1
2089670364539052288,478,277,0,0,1
2089670364539052288,478,276,0,0,1
2089670364539052288,478,275,0,0,1
2089670364539052288,478,274,0,0,1
2089670364539052288,478,273,0,0,1
2089670364539052288,478,272,0,0,1
2089670364539052288,478,271,0,0,1
2089670364539052288,478,270,0,0,1
2089670364539052288,478,269,0,0,1
2089670364539052288,478,268,0,0,1
2089670364539052288,478,267,0,0,1
2089670364539052288,478,266,0,0,1
2089670364539052288,478,265,0,0,1
2089670364539052288,478,264,0,0,1
2089670364539052288,478,263,0,0,1
2089670364539052288,478,262,0,0,1
2089670364539052288,478,261,0,0,1
2089670364539052288,478,260,0,0,1
2089670364539052288,478,259,0,0,1
2089670364539052288,478,258,0,0,1
2089670364539052288,478,257,0,0,1
2089670364539052288,478,256,0,0,1
2089670364539052288,478,255,0,0,1
2089670364539052288,478,254,0,0,1
2089670364539052288,478,253,0,0,1
2089670364539052288,478,252,0,0,1
2089670364539052288,478,251,0,0,1
2089670364539052288,478,250,0,0,1
2089670364539052288,478,249,0,0,1
2089670364539052288,478,248,0,0,1
2089670364539052288,478,247,0,0,1
2089670364539052288,478,246,0,0,1
2089670364539052288,478,245,0,0,1
2089670364539052288,478,244,0,0,1
2089670364539052288,478,243,0,0,1
2089670364539052288,478,242,0,0,1
2089670364539052288,478,241,0,0,1
2089670364539052288,478,240,0,0,1
2089670364539052288,478,239,0,0,1
2089670364539052288,478,238,0,0,1
2089670364539052288,478,237,0,0,1
2089670364539052288,478,236,0,0,1
2089670364539052288,478,235,0,0,1
2089670364539052288,478,234,0,0,1
2089670364539052288,478,233,0,0,1
2089670364539052288,478,232,0,0,1
2089670364539052288,478,231,0,0,1
2089670364539052288,478,230,0,0,1
2089670364539052288,478,229,0,0,1
2089670364539052288,478,228,0,0,1
2089670364539052288,478,227,0,0,1
2089670364539052288,478,226,0,0,1
2089670364539052288,478,225,0,0,1
2089670364539052288,478,224,0,0,1
2089670364539052288,478,223,0,0,1
2089670364539052288,478,222,0,0,1
2089670364539052288,478,221,0,0,1
2089670364539052288,478,220,0,0,1
2089670364539052288,478,219,0,0,1
2089670364539052288,478,218,0,0,1
2089670364539052288,478,217,0,0,1
2089670364539052288,478,216,0,0,1
2089670364539052288,478,215,0,0,1
2089670364539052288,478,214,0,0,1
2089670364539052288,478,213,0,0,1
2089670364539052288,478,212,0,0,1
2089670364539052288,478,211,0,0,1
2089670364539052288,478,210,0,0,1
2089670364539052288,478,209,0,0,1
2089670364539052288,478,208,0,0,1
2089670364539052288,478,207,0,0,1
2089670364539052288,478,206,0,0,1
2089670364539052288,478,205,0,0,1
2089670364539052288,478,204,0,0,1
2089670364539052288,478,203,0,0,1
2089670364539052288,478,202,0,0,1
2089670364539052288,478,201,0,0,1
2089670364539052288,478,200,0,0,1
2089670364539052288,478,199,0,0,1
2089670364539052288,478,198,0,0,1
2089670364539052288,478,197,0,0,1
2089670364539052288,478,196,0,0,1
2089670364539052288,478,195,0,0,1
2089670364539052288,478,194,0,0,1
2089670364539052288,478,193,0,0,1
2089670364539052288,478,192,0,0,1
2089670364539052288,478,191,0,0,1
2089670364539052288,478,190,0,0,1
2089670364539052288,478,189,0,0,1
2089670364539052288,478,188,0,0,1
2089670364539052288,478,187,0,0,1
2089670364539052288,478,186,0,0,1
2089670364539052288,478,185,0,0,1
2089670364539052288,478,184,0,0,1
2089670364539052288,478,183,0,0,1
2089670364539052288,478,182,0,0,1
2089670364539052288,478,181,0,0,1
2089670364539052288,478,180,0,0,1
2089670364539052288,478,179,0,0,1
2089670364539052288,478,178,0,0,1
2089670364539052288,478,177,0,0,1
2089670364539052288,478,176,0,0,1
2089670364539052288,478,175,0,0,1
2089670364539052288,478,174,0,0,1
2089670364539052288,478,173,0,0,1
2089670364539052288,478,172,0,0,1
2089670364539052288,478,171,0,0,1
2089670364539052288,478,170,0,0,1
2089670364539052288,478,169,0,0,1
2089670364539052288,478,168,0,0,1
2089670364539052288,478,167,0,0,1
2089670364539052288,478,166,0,0,1
2089670364539052288,478,165,0,0,1
2089670364539052288,478,164,0,0,1
2089670364539052288,478,163,0,0,1
2089670364539052288,478,162,0,0,1
2089670364539052288,478,161,0,0,1
2089670364539052288,478,160,0,0,1
2089670364539052288,478,159,0,0,1
2089670364539052288,478,158,0,0,1
2089670364539052288,478,157,0,0,1
2089670364539052288,478,156,0,0,1
2089670364539052288,478,155,0,0,1
2089670364539052288,478,154,0,0,1
2089670364539052288,478,153,0,0,1
2089670364539052288,478,152,0,0,1
2089670364539052288,478,151,0,0,1
2089670364539052288,478,150,0,0,1
2089670364539052288,478,149,0,0,1
2089670364539052288,478,148,0,0,1
2089670364539052288,478,147,0,0,1
2089670364539052288,478,146,0,0,1
2089670364539052288,478,145,0,0,1
2089670364539052288,478,144,0,0,1
2089670364539052288,478,143,0,0,1
2089670364539052288,478,142,0,0,1
2089670364539052288,478,141,0,0,1
2089670364539052288,478,140,0,0,1
2089670364539052288,478,139,0,0,1
2089670364539052288,478,138,0,0,1
2089670364539052288,478,137,0,0,1
2089670364539052288,478,136,0,0,1
2089670364539052288,478,135,0,0,1
2089670364539052288,478,134,0,0,1
2089670364539052288,478,133,0,0,1
2089670364539052288,478,132,0,0,1
2089670364539052288,478,131,0,0,1
2089670364539052288,478,130,0,0,1
2089670364539052288,478,129,0,0,1
2089670364539052288,478,128,0,0,1
2089670364539052288,478,127,0,0,1
2089670364539052288,478,126,0,0,1
2089670364539052288,478,125,0,0,1
2089670364539052288,478,124,0,0,1
2089670364539052288,478,123,0,0,1
2089670364539052288,478,122,0,0,1
2089670364539052288,478,121,0,0,1
2089670364539052288,478,120,0,0,1
2089670364539052288,478,119,0,0,1
2089670364539052288,478,118,0,0,1
2089670364539052288,478,117,0,0,1
2089670364539052288,478,116,0,0,1
2089670364539052288,478,115,0,0,1
2089670364539052288,478,114,0,0,1
2089670364539052288,478,113,0,0,1
2089670364539052288,478,112,0,0,1
2089670364539052288,478,111,0,0,1
2089670364539052288,478,110,0,0,1
2089670364539052288,478,109,0,0,1
2089670364539052288,478,108,0,0,1
2089670364539052288,478,107,0,0,1
2089670364539052288,478,106,0,0,1
2089670364539052288,478,105,0,0,1
2089670364539052288,478,104,0,0,1
2089670364539052288,478,103,0,0,1
2089670364539052288,478,102,0,0,1
2089670364539052288,478,101,0,0,1
2089670364539052288,478,100,0,0,1
2089670364539052288,478,99,0,0,1
2089670364539052288,478,98,0,0,1
2089670364539052288,478,97,0,0,1
2089670364539052288,478,96,0,0,1
2089670364539052288,478,95,0,0,1
2089670364539052288,478,94,0,0,1
2089670364539052288,478,93,0,0,1
2089670364539052288,478,92,0,0,1
2089670364539052288,478,91,0,0,1
2089670364539052288,478,90,0,0,1
2089670364539052288,478,89,0,0,1
2089670364539052288,479,225,0,0,1
2089670364539052288,479,226,0,0,1
2089670364539052288,479,227,0,0,1
2089670364539052288,480,225,0,0,1
2089670364539052288,480,226,0,0,1
2089670364539052288,480,227,0,0,1
2089670364539052288,481,224,0,0,1
2089670364539052288,481,225,0,0,1
2089670364539052288,481,226,0,0,1
2089670364539052288,481,227,0,0,1
2089670364539052288,481,228,0,0,1
2089670364539052288,481,229,0,0,1
2089670364539052288,482,228,0,0,1
2089670364539052288,482,227,0,0,1
2089670364539052288,482,226,0,0,1
2089670364539052544,483,168,0,0,1
2089670364539052544,484,240,0,0,1
2089670364539059456,485,352,0,0,1
2089670364539059712,486,364,0,0,1
2089670364539059712,486,365,0,0,1
2089670364539066624,487,71,0,0,1
2089670364539066880,488,68,0,0,1
2089670364539070208,489,6,0,0,1
2089670364539070464,490,16,0,0,1
2089670364539145984,491,212,0,0,1
2089670364539146240,492,217,0,0,1
2089670364539146240,492,218,0,0,1
2089670364539149056,493,315,0,0,1
2089670364539150336,494,312,0,0,1
2089670364539218176,495,269,0,0,1
2089670364539218176,496,297,0,0,1
2089670364539218176,496,296,0,0,1
2089670364539218176,497,363,0,0,1
2089670364539218176,497,364,0,0,1
2089670364539218176,498,342,0,0,1
2089670364539218176,498,341,0,0,1
2089670364539218432,499,266,0,0,1
2089670364539218432,499,267,0,0,1
2089670364539218432,500,266,0,0,1
2089670364539218432,501,291,0,0,1
2089670364539218432,501,292,0,0,1
2089670364539218432,502,366,0,0,1
2089670364539218432,502,365,0,0,1
2089670364539229184,503,34,0,0,1
2089670364539229184,503,35,0,0,1
2089670364539242240,504,238,0,0,1
2089670364539242496,505,247,0,0,1
2089670364539269376,506,95,0,0,1
2089670364539269632,507,97,0,0,1
2089670364539269632,507,98,0,0,1
2089670364539366144,508,164,0,0,1
2089670364539366144,508,165,0,0,1
2089670364539366400,509,167,0,0,1
2089670364539377920,510,154,0,0,1
2089670364539378176,511,163,0,0,1
2089670364539396864,512,255,0,0,1
2089670364539397120,513,267,0,0,1
2089670364539399424,514,121,0,0,1
2089670364539399680,515,125,0,0,1
2089670364539399680,515,126,0,0,1
2089670364539403520,516,343,0,0,1
2089670364539403776,517,346,0,0,1
2089670364539414784,518,48,0,0,1
2089670364539415040,519,49,0,0,1
2089670364539432704,520,57,0,0,1
2089670364539432704,521,383,0,0,1
2089670364539432960,522,62,0,0,1
2089670364539432960,522,63,0,0,1
2089670364539443456,523,36,0,0,1
2089670364539443712,524,39,0,0,1
2089670364539443712,524,40,0,0,1
2089670364539488512,525,305,0,0,1
2089670364539488768,526,311,0,0,1
2089670364539488768,526,312,0,0,1
2089670364539500288,527,195,0,0,1
2089670364539500544,528,200,0,0,1
2089670364539503360,529,328,0,0,1
2089670364539503616,530,328,0,0,1
2089670501977850624,531,225,0,0,1
2089670501977850880,532,228,0,0,1
2089670501977850880,532,229,0,0,1
2089670501977862912,533,190,0,0,1
2089670501977863168,534,199,0,0,1
2089670501977863168,534,200,0,0,1
2089670501977867008,535,363,0,0,1
2089670501977867264,536,363,0,0,1
2089670501977867264,536,364,0,0,1
2089670501977877760,537,38,0,0,1
2089670501977878016,538,38,0,0,1
2089670501977907968,539,168,0,0,1
2089670501977908224,540,176,0,0,1
2089670501977931008,541,222,0,0,1
2089670501977931264,542,220,0,0,1
2089670501977933056,543,274,0,0,1
2089670501977933056,543,275,0,0,1
2089670501977933312,544,280,0,0,1
2089670501977938688,545,303,0,0,1
2089670501977938944,546,299,0,0,1
2089670501977938944,547,299,0,0,1
2089670501977938944,547,300,0,0,1
2089670501977939200,548,380,0,0,1
2089670501977939200,549,331,0,0,1
2089670501977939200,549,330,0,0,1
2089670501977939200,550,348,0,0,1
2089670501977939200,551,323,0,0,1
2089670501977939200,551,324,0,0,1
2089670501977939456,552,225,0,0,1
2089670501977939456,553,316,0,0,1
2089670501977939456,553,315,0,0,1
2089670501977939456,553,314,0,0,1
2089670501977939456,553,313,0,0,1
2089670501977939456,554,311,0,0,1
2089670501977939456,554,312,0,0,1
2089670501977939456,555,380,0,0,1
2089670501977939456,555,379,0,0,1
2089670501977945344,556,326,0,0,1
2089670501977945600,557,328,0,0,1
2089670501977960192,558,123,0,0,1
2089670501977960448,559,125,0,0,1
2089670501977960960,560,17,0,0,1
2089670501977960960,560,18,0,0,1
2089670501977960960,560,19,0,0,1
2089670501977960960,560,20,0,0,1
2089670501977960960,561,15,0,0,1
2089670501977960960,561,16,0,0,1
2089670501977960960,561,17,0,0,1
2089670501977960960,561,18,0,0,1
2089670501977960960,561,19,0,0,1
2089670501977960960,561,20,0,0,1
2089670501977960960,561,21,0,0,1
2089670501977960960,562,10,0,0,1
2089670501977960960,562,9,0,0,1
2089670501977960960,562,8,0,0,1
2089670501977966848,563,3,0,0,1
2089670501977966848,563,4,0,0,1
2089670501977967104,564,3,0,0,1
2089670501977991424,565,131,0,0,1
2089670501977991680,566,137,0,0,1
2089670501978044672,567,351,0,0,1
2089670501978044928,568,357,0,0,1
2089670501978055424,569,28,0,0,1
2089670501978055680,570,32,0,0,1
2089670501978057984,571,306,0,0,1
2089670501978058240,572,307,0,0,1
2089670501978085632,573,373,0,0,1
2089670501978085888,574,376,0,0,1
2089670501978096384,575,49,0,0,1
2089670501978096384,575,50,0,0,1
2089670501978096640,576,50,0,0,1
2089670501978096640,576,51,0,0,1
2089670501978102528,577,112,0,0,1
2089670501978102784,578,118,0,0,1
2089670501978116864,579,135,0,0,1
2089670501978117120,580,143,0,0,1
2089670501978120448,581,178,0,0,1
2089670501978120448,581,179,0,0,1
2089670501978120704,582,185,0,0,1
2089670501978228992,583,108,0,0,1
2089670501978229248,584,118,0,0,1
2089670501978332928,585,182,0,0,1
2089670501978333184,586,178,0,0,1
2089670501978346240,587,368,0,0,1
2089670501978346496,588,372,0,0,1
2089670501978356992,589,45,0,0,1
2089670501978357248,590,46,0,0,1
2089670501978357248,590,47,0,0,1
2089670501978382592,591,77,0,0,1
2089670501978382848,592,72,0,0,1
2089670501978501120,593,375,0,0,1
2089670501978501120,593,376,0,0,1
2089670501978501888,594,362,0,0,1
2089670501978512640,595,40,0,0,1
2089670501978512896,596,50,0,0,1
2089670501978524416,597,141,0,0,1
2089670501978524672,598,153,0,0,1
2089670501978556672,599,320,0,0,1
2089670501978556928,600,323,0,0,1
2089670501978556928,600,324,0,0,1
2089670501978572544,601,375,0,0,1
2089670501978583296,602,50,0,0,1
2089670501978583552,603,59,0,0,1
2089670501978583808,604,116,0,0,1
2089670501978584064,605,124,0,0,1
2089670501978600704,606,247,0,0,1
2089670501978600960,607,249,0,0,1
2089670501978611456,608,327,0,0,1
2089670501978611968,609,316,0,0,1
2089670501978612224,610,329,0,0,1
2089670501978622976,611,4,0,0,1
2089670501978622976,611,5,0,0,1
2089670501978622976,612,1,0,0,1
2161727958576795905,613,222,0,0,1
2161727958576796161,614,219,0,0,1
2161727958576826114,615,100,0,0,1
2161727958576826370,616,105,0,0,1
2161728096015766785,617,235,0,0,1
2161728096015767041,618,237,0,0,1
2161728096015767041,619,238,0,0,1
2161728096015773954,620,243,0,0,1
2161728096015774210,621,243,0,0,1
2161728233454720257,622,215,0,0,1
2161728233454744834,623,255,0,0,1
2161728233454745090,624,258,0,0,1
2161728370893666561,625,79,0,0,1
2161728370893666817,626,80,0,0,1
2161728508332644610,627,70,0,0,1
2161728508332644866,628,68,0,0,1
